page,image_file,binomial,photographer,source_url,license,license_url
docs/herbs/Randia_uliginosa.md,Randia_uliginosa_rubiaceae_-_Flickr_-_dinesh_valke.jpg,Randia uliginosa,Dinesh Valke,https://www.flickr.com/photos/dinesh_valke/52717043070,CC BY 2.0,https://creativecommons.org/licenses/by/2.0/
"docs/herbs/Acampe_praemorsa_-_Acampe_orchid,_ಮರಬಾಳೆ,_Thaalimaravaazha,_Waghri.md",Acampe_praemorsa_orchidaceae_-_Flickr_-_dinesh_valke.jpg,Acampe praemorsa,Dinesh Valke,https://www.flickr.com/photos/dinesh_valke/7260570164,CC BY 2.0,https://creativecommons.org/licenses/by/2.0/
"docs/herbs/Acmella_paniculata_-_Panicled_spot_flower,_ಆಚಾರ_ಜೊಂಡಿ,_Akkalkara.md",Acmella_paniculata_-_Flickr_-_dinesh_valke.jpg,Acmella paniculata,Dinesh Valke,https://www.flickr.com/photos/dinesh_valke/55088817823,CC BY-SA 4.0,https://creativecommons.org/licenses/by-sa/4.0/
docs/herbs/Adiantum_lunulatum.md,Adiantum_lunulatum_-_Flickr_-_dinesh_valke.jpg,Adiantum lunulatum,Dinesh Valke,https://www.flickr.com/photos/dinesh_valke/3709411749,CC BY 2.0,https://creativecommons.org/licenses/by/2.0/
docs/herbs/Adina_cordifolia.md,Adina_cordifolia_-_Flickr_-_dinesh_valke.jpg,Adina cordifolia,Dinesh Valke,https://www.flickr.com/photos/dinesh_valke/53701938976,CC BY 2.0,https://creativecommons.org/licenses/by/2.0/
"docs/herbs/Aegiceras_corniculatum_-_Black_mangrove,_ಕಂಜಾಲ,_Narikandal,_Guggilam,_Pukantal,_Cheep.md",Aegiceras_corniculatum_-_Flickr_-_dinesh_valke.jpg,Aegiceras corniculatum,Dinesh Valke,https://www.flickr.com/photos/dinesh_valke/52075405630,CC BY 2.0,https://creativecommons.org/licenses/by/2.0/
docs/herbs/Agave_americana_-_Kantala.md,Agave_americana_-_Flickr_-_dinesh_valke.jpg,Agave americana,Dinesh Valke,https://www.flickr.com/photos/dinesh_valke/4745872028,CC BY 2.0,https://creativecommons.org/licenses/by/2.0/
docs/herbs/Aglaia_roxburghiana.md,Aglaia_roxburghiana_meliaceae_-_Flickr_-_dinesh_valke.jpg,Aglaia roxburghiana,Dinesh Valke,https://www.flickr.com/photos/dinesh_valke/53589193053,CC BY 2.0,https://creativecommons.org/licenses/by/2.0/
docs/herbs/Albizia_procera.md,Albizia_procera_-_Flickr_-_dinesh_valke.jpg,Albizia procera,Dinesh Valke,https://www.flickr.com/photos/dinesh_valke/53761612064,CC BY 2.0,https://creativecommons.org/licenses/by/2.0/
"docs/herbs/Allmania_nodiflora_var_-_Node_flower_allmania,_ಹಸಿರು_ಬುಡ್ಡೆ_ಸೊಪ್ಪು,_Kamatci-k-kirai,_Gurugu_kura,_Pethaar-thaaval,_Dhan_bhaji.md",Allmania_nodiflora_var_amaranthaceae_-_Flickr_-_dinesh_valke.jpg,Allmania nodiflora var,Dinesh Valke,https://www.flickr.com/photos/dinesh_valke/48913747708,CC BY 2.0,https://creativecommons.org/licenses/by/2.0/
"docs/herbs/Alpinia_calcarata_-_Lesser_Galangal,_ರಾಸ್ನಗಡ್ಡೆ,_Kulanjan,_Sittarutthe,_Rasna.md",Alpinia_calcarata_-_Flickr_-_dinesh_valke.jpg,Alpinia calcarata,Dinesh Valke,https://www.flickr.com/photos/dinesh_valke/27600913378,CC BY 2.0,https://creativecommons.org/licenses/by/2.0/
"docs/herbs/Ampelocissus_indica_-_Red-stemmed_wild_grape-vine,_ಚೆಂಬಳ್ಳಿ,_Campara-valli,_Chembravalli,_Ran_draksha.md",Ampelocissus_indica_vitaceae_-_Flickr_-_dinesh_valke.jpg,Ampelocissus indica,Dinesh Valke,https://www.flickr.com/photos/dinesh_valke/6782452874,CC BY 2.0,https://creativecommons.org/licenses/by/2.0/
"docs/herbs/Anodendron_paniculatum_-_Andamanese_bowstring_plant,_ಅಜ್ಜನ_ಗಡ್ಡ,_Kakkakkoti,_Kavali.md",Anodendron_paniculatum_-_Flickr_-_dinesh_valke.jpg,Anodendron paniculatum,Dinesh Valke,https://www.flickr.com/photos/dinesh_valke/49172663972,CC BY 2.0,https://creativecommons.org/licenses/by/2.0/
"docs/herbs/Anodendron_paniculatum_A_-_Andamanese_bowstring_plant,_ಅಜ್ಜನ_ಗಡ್ಡ,_Kakkakkoti,_Kavali.md",Anodendron_paniculatum_A_-_Flickr_-_dinesh_valke.jpg,Anodendron paniculatum A,Dinesh Valke,https://www.flickr.com/photos/dinesh_valke/49172663972,CC BY 2.0,https://creativecommons.org/licenses/by/2.0/
"docs/herbs/Aporosa_cardiosperma_-_Lindley's_aporosa,_ಸಳ್ಳೆ_ಮರ,_Vittil,_Vetti,_Sali.md",Aporosa_cardiosperma_-_Flickr_-_dinesh_valke.jpg,Aporosa cardiosperma,Dinesh Valke,https://www.flickr.com/photos/dinesh_valke/15591152184,CC BY 2.0,https://creativecommons.org/licenses/by/2.0/
"docs/herbs/Arenga_wightii_Griff_-_Wight's_sago_palm,_ಬೆಟ್ಟ_ತೆಂಗು,_Alampanai,_Alattiltenna,_Dhudsal.md",Arenga_wightii_Griff_-_Flickr_-_dinesh_valke.jpg,Arenga wightii Griff,Dinesh Valke,https://www.flickr.com/photos/dinesh_valke/53529410340,CC BY 2.0,https://creativecommons.org/licenses/by/2.0/
"docs/herbs/Argyreia_elliptica_-_Elliptic-leaved_silverweed,_ಉಗನಿ_ಬಳ್ಳಿ,_Unan,_Kappatiga,_Adambuvalli,_Bondvel.md",Argyreia_elliptica_-_Flickr_-_dinesh_valke.jpg,Argyreia elliptica,Dinesh Valke,https://www.flickr.com/photos/dinesh_valke/55235754419,CC BY-SA 4.0,https://creativecommons.org/licenses/by-sa/4.0/
"docs/herbs/Artabotrys_zeylanicus_hook_-_Ceylon_green_champa,_ಮನೋರಂಜಿನಿ_ಬಳ್ಳಿ,_Manoranjitham,_Ran_chapha.md",Artabotrys_zeylanicus_hook_-_Flickr_-_dinesh_valke.jpg,Artabotrys zeylanicus hook,Dinesh Valke,https://www.flickr.com/photos/dinesh_valke/53487679092,CC BY 2.0,https://creativecommons.org/licenses/by/2.0/
"docs/herbs/Artemisia_nilagirica_-_Indian_wormwood,_ಮಾಚಿಪತ್ರೆ,_Damanak,_Maci-pattiri,_Davanamu,_Ananta-pacca,_Dhor_davana.md",Artemisia_nilagirica_-_Flickr_-_dinesh_valke.jpg,Artemisia nilagirica,Dinesh Valke,https://www.flickr.com/photos/dinesh_valke/5254164477,CC BY 2.0,https://creativecommons.org/licenses/by/2.0/
"docs/herbs/Asystasia_dalzelliana_santapau_-_Dalzell's_asystasia,_ಮೆದ್ಧೆ_ಸೊಪ್ಪು,_Uppiliyan,_Neelkanth.md",Asystasia_dalzelliana_santapau_acanthaceae_-_Flickr_-_dinesh_valke.jpg,Asystasia dalzelliana santapau,Dinesh Valke,https://www.flickr.com/photos/dinesh_valke/1250852579,CC BY 2.0,https://creativecommons.org/licenses/by/2.0/
"docs/herbs/Atalantia_racemosa_-_Bombay_atalantia,_ಹುಚ್ಚು_ನಿಂಬೆ,_Kuruntu,_Adavi_nimma,_Kattunarakam,_Makad_limbu.md",Atalantia_racemosa_-_Flickr_-_dinesh_valke.jpg,Atalantia racemosa,Dinesh Valke,https://www.flickr.com/photos/dinesh_valke/6841545013,CC BY 2.0,https://creativecommons.org/licenses/by/2.0/
"docs/herbs/Breynia_retusa_-_Cupped_coral_berry_tree,_ಬಿಳೀಸುಲಿ,_Kaji,_Mullu-Vengai,_Kora_maddi,_Perunniruri,_Asana.md",Breynia_retusa_euphorbiaceae_-_Flickr_-_dinesh_valke.jpg,Breynia retusa,Dinesh Valke,https://www.flickr.com/photos/dinesh_valke/8893512265,CC BY 2.0,https://creativecommons.org/licenses/by/2.0/
docs/herbs/Bridelia_montana.md,Bridelia_montana_-_Flickr_-_dinesh_valke.jpg,Bridelia montana,Dinesh Valke,https://www.flickr.com/photos/dinesh_valke/52456136576,CC BY 2.0,https://creativecommons.org/licenses/by/2.0/
"docs/herbs/Brugmansia_suaveolens_-_Angel's_trumpet,_Dhatura,_Madulam,_Ummata.md",Brugmansia_suaveolens_-_Flickr_-_dinesh_valke.jpg,Brugmansia suaveolens,Dinesh Valke,https://www.flickr.com/photos/dinesh_valke/33587011468,CC BY 2.0,https://creativecommons.org/licenses/by/2.0/
"docs/herbs/Bruguiera_gymnorrhiza_-_Black_mangrove,_ಕೊಳಚೆ_ಗಿಡ,_Sigapukokandam,_Dudduponna,_Kantal,_Zumbar.md",Bruguiera_gymnorrhiza_evergreen_-_Flickr_-_dinesh_valke.jpg,Bruguiera gymnorrhiza,Dinesh Valke,https://www.flickr.com/photos/dinesh_valke/7211154640,CC BY 2.0,https://creativecommons.org/licenses/by/2.0/
"docs/herbs/Capparis_spinosa_-_Ceper_Plant,_Kabara,_Jeevakamu.md",Capparis_spinosa_-_Flickr_-_dinesh_valke.jpg,Capparis spinosa,Dinesh Valke,https://www.flickr.com/photos/dinesh_valke/6720216305,CC BY 2.0,https://creativecommons.org/licenses/by/2.0/
"docs/herbs/Centaurium_meyeri_-_Field_centaury,_ಕಾಡು_ಕೆಂಪು_ಜೀರಿಗೆ,_Barik_chirayata,_Luntak.md",Centaurium_meyeri_annual_-_Flickr_-_dinesh_valke.jpg,Centaurium meyeri,Dinesh Valke,https://www.flickr.com/photos/dinesh_valke/13431147434,CC BY 2.0,https://creativecommons.org/licenses/by/2.0/
"docs/herbs/Cerbera_odollam_-_Dog-bane,_ಹರಿಯಾಗೆ,_Heddi,_Sorkili,_Adavi_arali,_Malaelengi,_Sukanu.md",Cerbera_odollam_apocynaceae_-_Flickr_-_dinesh_valke.jpg,Cerbera odollam,Dinesh Valke,https://www.flickr.com/photos/dinesh_valke/5927467078,CC BY 2.0,https://creativecommons.org/licenses/by/2.0/
"docs/herbs/Ceriops_tagal_-_Compound-cymed_mangrove,_ಚೌರಿ,_Panri-k-kutti,_Gedara,_Aanakkantal,_Chauri.md",Ceriops_tagal_-_Flickr_-_dinesh_valke.jpg,Ceriops tagal,Dinesh Valke,https://www.flickr.com/photos/dinesh_valke/48149860742,CC BY 2.0,https://creativecommons.org/licenses/by/2.0/
"docs/herbs/Ceropegia_candelabrum_-_Candlestick_ceropegia,_ಹಲ್ಲುಕ,_Bakkalimanda,_Nagathumba,_Kanvel.md",Ceropegia_candelabrum_asclepiadaceae_-_Flickr_-_dinesh_valke.jpg,Ceropegia candelabrum,Dinesh Valke,https://www.flickr.com/photos/dinesh_valke/32997008552,CC BY 2.0,https://creativecommons.org/licenses/by/2.0/
"docs/herbs/Chonemorpha_fragrans_-_Frangipani_vine,_ಚಂದ್ರ_ಹುವಿನ_ಬಳ್ಳಿ,_Moorva,_Appuppanthadi,_Akashchapha.md",Chonemorpha_fragrans_-_Flickr_-_dinesh_valke.jpg,Chonemorpha fragrans,Dinesh Valke,https://www.flickr.com/photos/dinesh_valke/54583675852,CC BY 2.0,https://creativecommons.org/licenses/by/2.0/
"docs/herbs/Cipadessa_baccifera_-_Globular-flowered_neem,_ಬೆಟ್ಟದ_ಬೇವು,_Cevvattai,_Chedu_bira,_Kaippanaranci,_Gudmi.md",Cipadessa_baccifera_meliaceae_-_Flickr_-_dinesh_valke.jpg,Cipadessa baccifera,Dinesh Valke,https://www.flickr.com/photos/dinesh_valke/5654167850,CC BY 2.0,https://creativecommons.org/licenses/by/2.0/
"docs/herbs/Cissus_repanda_-_Wavy-leaved_cissus,_ಎಲೆಕೊಂಬು_ಬಳ್ಳಿ,_Pani_bel,_Gummadi_thige,_Gendal.md",Cissus_repanda_-_Flickr_-_dinesh_valke.jpg,Cissus repanda,Dinesh Valke,https://www.flickr.com/photos/dinesh_valke/51641830441,CC BY 2.0,https://creativecommons.org/licenses/by/2.0/
"docs/herbs/Clematis_heynei_-_Deccan_clematis,_ಸೋಗವಲ್ಲಿ,_Churhar,_Morvel.md",Clematis_heynei_ranunculaceae_-_Flickr_-_dinesh_valke.jpg,Clematis heynei,Dinesh Valke,https://www.flickr.com/photos/dinesh_valke/6331932502,CC BY 2.0,https://creativecommons.org/licenses/by/2.0/
"docs/herbs/Clitoria_ternatea_-_Kounch_flower,_Kanti_soppu,_Aparaajit,_Shankapushpam,_Shankapushpmamu,_Gokarni.md",Clitoria_ternatea_-_Flickr_-_dinesh_valke.jpg,Clitoria ternatea,Dinesh Valke,https://www.flickr.com/photos/dinesh_valke/40124513630,CC BY 2.0,https://creativecommons.org/licenses/by/2.0/
"docs/herbs/Cochlospermum_religiosum_-_Buttercup_tree,_ಅರಿಸಿನ_ಬೂರುಗ,_Galgal,_Kattupparutti,_Konda_gogu,_Cempanni,_Ganeri.md",Cochlospermum_religiosum_-_Flickr_-_dinesh_valke.jpg,Cochlospermum religiosum,Dinesh Valke,https://www.flickr.com/photos/dinesh_valke/3602272045,CC BY 2.0,https://creativecommons.org/licenses/by/2.0/
docs/herbs/Coleus_barbatus.md,Coleus_barbatus_herb_-_Flickr_-_dinesh_valke.jpg,Coleus barbatus,Dinesh Valke,https://www.flickr.com/photos/dinesh_valke/4938304974,CC BY 2.0,https://creativecommons.org/licenses/by/2.0/
"docs/herbs/Combretum_latifolium_-_Large-leaved_climbing_bushwillow,_ಕೊಜಂಬೆ_ಬಳ್ಳಿ,_Manna-valli,_Motha_piluk.md",Combretum_latifolium_combretaceae_-_Flickr_-_dinesh_valke.jpg,Combretum latifolium,Dinesh Valke,https://www.flickr.com/photos/dinesh_valke/32427218243,CC BY 2.0,https://creativecommons.org/licenses/by/2.0/
"docs/herbs/Combretum_malabaricum_-_Malabar_madhumalati,_ಕಿಲೆಂಜಿಸೊಪ್ಪು,_Sandhyarani.md",Combretum_malabaricum_combretaceae_-_Flickr_-_dinesh_valke.jpg,Combretum malabaricum,Dinesh Valke,https://www.flickr.com/photos/dinesh_valke/33114214801,CC BY 2.0,https://creativecommons.org/licenses/by/2.0/
"docs/herbs/Corypha_umbraculifera_-_Talipot_palm,_ಈಂದು,_Bajarbattu,_Tali-p-panai,_Sritalamu,_Kudappana,_Tali.md",Corypha_umbraculifera_arecaceae_-_Flickr_-_dinesh_valke.jpg,Corypha umbraculifera,Dinesh Valke,https://www.flickr.com/photos/dinesh_valke/8296932794,CC BY 2.0,https://creativecommons.org/licenses/by/2.0/
"docs/herbs/Crinum_viviparum_-_Poison_bulb,_ಕಾಡುಈರುಳ್ಳಿ,_Visa-munkil,_Kajagadda,_Veluttapolatali,_Kumbaya.md",Crinum_viviparum_amaryllidaceae_-_Flickr_-_dinesh_valke.jpg,Crinum viviparum,Dinesh Valke,https://www.flickr.com/photos/dinesh_valke/6258441942,CC BY 2.0,https://creativecommons.org/licenses/by/2.0/
"docs/herbs/Crossandra_infundibuliformis_-_Crossandra,_ಆಬ್ಬೊಲಿಗೆ,_Priyadarsha,_Cem-payirava-p-puntu,_Kanak-ambaramu,_Priyadarshini,_Aboli.md",Crossandra_infundibuliformis_-_Flickr_-_dinesh_valke.jpg,Crossandra infundibuliformis,Dinesh Valke,https://www.flickr.com/photos/dinesh_valke/48922280498,CC BY 2.0,https://creativecommons.org/licenses/by/2.0/
"docs/herbs/Crotalaria_nana_burm_-_Tiny_rattlepod,_ಸಣ್ಣ_ಗೆಜ್ಜೆ_ಗಿಡ,_Cheriya_kilukiluppa,_Nana_tag.md",Crotalaria_nana_burm_fabaceae_-_Flickr_-_dinesh_valke.jpg,Crotalaria nana burm,Dinesh Valke,https://www.flickr.com/photos/dinesh_valke/31176488620,CC BY 2.0,https://creativecommons.org/licenses/by/2.0/
"docs/herbs/Cryptostegia_Grandiflora_-_Rubber_vine,_Hambu_rubber_gida.md",Cryptostegia_Grandiflora_-_Flickr_-_dinesh_valke.jpg,Cryptostegia Grandiflora,Dinesh Valke,https://www.flickr.com/photos/dinesh_valke/45597343942,CC BY 2.0,https://creativecommons.org/licenses/by/2.0/
"docs/herbs/Cyathula_prostrata_-_Cyathula,_ನೆಲ_ಉತ್ತರಾಣಿ,_Lal_chirchita,_Civappu_nayuruvi,_Cerukadalaadi,_Bhuiaghaada.md",Cyathula_prostrata_-_Flickr_-_dinesh_valke.jpg,Cyathula prostrata,Dinesh Valke,https://www.flickr.com/photos/dinesh_valke/53526696979,CC BY 2.0,https://creativecommons.org/licenses/by/2.0/
"docs/herbs/Cyclea_peltata_-_Indian_moon_seed,_Padaavala,_Pata,_Padathali,_Paka.md",Cyclea_peltata_-_Flickr_-_dinesh_valke.jpg,Cyclea peltata,Dinesh Valke,https://www.flickr.com/photos/dinesh_valke/52535572869,CC BY 2.0,https://creativecommons.org/licenses/by/2.0/
"docs/herbs/Cynarospermum_asperrimum_-_Hill_blepharis,_ಎಲು_ಕೂಟ್ಟಿ,_Akada.md",Cynarospermum_asperrimum_-_Flickr_-_dinesh_valke.jpg,Cynarospermum asperrimum,Dinesh Valke,https://www.flickr.com/photos/dinesh_valke/54204899532,CC BY 2.0,https://creativecommons.org/licenses/by/2.0/
"docs/herbs/Cynoglossum_zeylanicum_-_Ceylon_forget-me-not,_ಆಮ್ರದ_ಸೊಪ್ಪು,_Andhahuli,_Picin_ottarai,_Kada_anthrinta,_Kayooram,_Lichardi.md",Cynoglossum_zeylanicum_boraginaceae_-_Flickr_-_dinesh_valke.jpg,Cynoglossum zeylanicum,Dinesh Valke,https://www.flickr.com/photos/dinesh_valke/4942732506,CC BY 2.0,https://creativecommons.org/licenses/by/2.0/
docs/herbs/Dalbergia_sissoides.md,Dalbergia_sissoides_-_Flickr_-_dinesh_valke.jpg,Dalbergia sissoides,Dinesh Valke,https://www.flickr.com/photos/dinesh_valke/55216722601,CC BY-SA 4.0,https://creativecommons.org/licenses/by-sa/4.0/
"docs/herbs/Debregeasia_longifolia_-_Orange_wild_rhea,_ಕಾಡು_ಗರುಗ,_Sansaru,_Elilainocci,_Kerangi,_Kattunocchi,_Kapshi.md",Debregeasia_longifolia_-_Flickr_-_dinesh_valke.jpg,Debregeasia longifolia,Dinesh Valke,https://www.flickr.com/photos/dinesh_valke/55088830313,CC BY-SA 4.0,https://creativecommons.org/licenses/by-sa/4.0/
"docs/herbs/Dendrocalamus_strictus_-_Boar_spear,_ಗಂಡುಬಿದುರು,_Nar_bans,_Ciru-munkil,_Chitti_veduru,_Kallanmula.md",Dendrocalamus_strictus_-_Flickr_-_dinesh_valke.jpg,Dendrocalamus strictus,Dinesh Valke,https://www.flickr.com/photos/dinesh_valke/51696539107,CC BY 2.0,https://creativecommons.org/licenses/by/2.0/
"docs/herbs/Derris_scandens_-_Hog_creeper,_ಚೀನಾ_ಬಿಳಿಮರ,_Gonj,_Atiral,_Chira_talliboddu,_Noyalvalli,_Garudvel.md",Derris_scandens_-_Flickr_-_dinesh_valke.jpg,Derris scandens,Dinesh Valke,https://www.flickr.com/photos/dinesh_valke/52958075978,CC BY 2.0,https://creativecommons.org/licenses/by/2.0/
"docs/herbs/Derris_trifoliata_-_Common_derris,_ಕ್ರಿಮಿನಾಶಿ,_Panlata,_Nallatiga,_Ponnanvalli,_Karanj_vel.md",Derris_trifoliata_-_Flickr_-_dinesh_valke.jpg,Derris trifoliata,Dinesh Valke,https://www.flickr.com/photos/dinesh_valke/52708291023,CC BY 2.0,https://creativecommons.org/licenses/by/2.0/
"docs/herbs/Dicliptera_paniculata_-_Panicled_foldwing,_ಚೀಬೀ_ಗಿಡ,_Atrilal,_Kara-k-kanciram,_Chebeera,_Kattupuzhukkolli,_Kakajangha.md",Dicliptera_paniculata_-_Flickr_-_dinesh_valke.jpg,Dicliptera paniculata,Dinesh Valke,https://www.flickr.com/photos/dinesh_valke/54193910082,CC BY 2.0,https://creativecommons.org/licenses/by/2.0/
"docs/herbs/Diospyros_paniculata_Dalzell_-_Panicle-flowered_ebony,_ಕರೆ_ಮರ,_Kari,_Illekatta,_Temburni.md",Diospyros_paniculata_Dalzell_-_Flickr_-_dinesh_valke.jpg,Diospyros paniculata Dalzell,Dinesh Valke,https://www.flickr.com/photos/dinesh_valke/54583624887,CC BY 2.0,https://creativecommons.org/licenses/by/2.0/
docs/herbs/Dolichandrone_atrovirens_-_Caralluma.md,Dolichandrone_atrovirens_-_Flickr_-_dinesh_valke.jpg,Dolichandrone atrovirens,Dinesh Valke,https://www.flickr.com/photos/dinesh_valke/5780560713,CC BY 2.0,https://creativecommons.org/licenses/by/2.0/
"docs/herbs/Dysoxylum_gotadhora_-_Cup-calyxed_white_cedar,_ಅಗಿಲು,_Akuniyakil,_Akil,_Devadaru.md",Dysoxylum_gotadhora_evergreen_-_Flickr_-_dinesh_valke.jpg,Dysoxylum gotadhora,Dinesh Valke,https://www.flickr.com/photos/dinesh_valke/8149935739,CC BY 2.0,https://creativecommons.org/licenses/by/2.0/
"docs/herbs/Euphorbia_cristata_-_Crested_spurge,_Bili_kaddi.md",Euphorbia_cristata_-_Flickr_-_dinesh_valke.jpg,Euphorbia cristata,Dinesh Valke,https://www.flickr.com/photos/dinesh_valke/357040926,CC BY 2.0,https://creativecommons.org/licenses/by/2.0/
"docs/herbs/Fagraea_ceilanica_thunb_-_Perfume_flower_tree,_ಹಣ್ಣ_ಚಳ್ಳೆ,_Marunthankaamaram.md",Fagraea_ceilanica_thunb_-_Flickr_-_dinesh_valke.jpg,Fagraea ceilanica thunb,Dinesh Valke,https://www.flickr.com/photos/dinesh_valke/53541689450,CC BY 2.0,https://creativecommons.org/licenses/by/2.0/
"docs/herbs/Falconeria_insignis_Royle_-_Tiger's_milk_spruce,_ಕಣ್ಣು_ಪಡೆ,_Khinna,_Sakkaraikalli,_Devasuroopi,_Kalmaram,_Chikada.md",Falconeria_insignis_Royle_-_Flickr_-_dinesh_valke.jpg,Falconeria insignis Royle,Dinesh Valke,https://www.flickr.com/photos/dinesh_valke/55257592944,CC BY-SA 4.0,https://creativecommons.org/licenses/by-sa/4.0/
"docs/herbs/Ficus_auriculata_-_Elephant_ear_fig_tree,_ಅಂಜೂರ,_Phagoora,_Aanachcheviyan_aththi,_Deshi_anjir.md",Ficus_auriculata_moraceae_-_Flickr_-_dinesh_valke.jpg,Ficus auriculata,Dinesh Valke,https://www.flickr.com/photos/dinesh_valke/41317135491,CC BY 2.0,https://creativecommons.org/licenses/by/2.0/
"docs/herbs/Flacourtia_indica_-_Indian_plum,_Mulluthaare.md",Flacourtia_indica_-_Flickr_-_dinesh_valke.jpg,Flacourtia indica,Dinesh Valke,https://www.flickr.com/photos/dinesh_valke/3089374492,CC BY 2.0,https://creativecommons.org/licenses/by/2.0/
"docs/herbs/Flemingia_strobilifera_-_Luck_plant,_ಕುಮಳು,_Kanphuta,_Nalla_baddu,_Kanalam,_Bundar.md",Flemingia_strobilifera_-_Flickr_-_dinesh_valke.jpg,Flemingia strobilifera,Dinesh Valke,https://www.flickr.com/photos/dinesh_valke/54360080158,CC BY 2.0,https://creativecommons.org/licenses/by/2.0/
"docs/herbs/Girardinia_diversifolia_-_Himalayan_nettle,_ದೊಡ್ಡ_ತುರಿಕೆ,_Bichua,_Periya_kaanjori,_Chettu,_Aanachoriyanam,_Aagya.md",Girardinia_diversifolia_-_Flickr_-_dinesh_valke.jpg,Girardinia diversifolia,Dinesh Valke,https://www.flickr.com/photos/dinesh_valke/55099249738,CC BY-SA 4.0,https://creativecommons.org/licenses/by-sa/4.0/
"docs/herbs/Gnaphalium_polycaulon_-_Many_stemmed_Cudweed,_Saamba_gida.md",Gnaphalium_polycaulon_asteraceae_-_Flickr_-_dinesh_valke.jpg,Gnaphalium polycaulon,Dinesh Valke,https://www.flickr.com/photos/dinesh_valke/8460744537,CC BY 2.0,https://creativecommons.org/licenses/by/2.0/
"docs/herbs/Gouania_microcarpa_-_Downy-branchletted_chawstick,_ಶಿಂಗಾರ_ಬಳ್ಳಿ,_Palkkarrati.md",Gouania_microcarpa_shrub_-_Flickr_-_dinesh_valke.jpg,Gouania microcarpa,Dinesh Valke,https://www.flickr.com/photos/dinesh_valke/6928688497,CC BY 2.0,https://creativecommons.org/licenses/by/2.0/
"docs/herbs/Grewia_heterotricha_-_Petriyaachu,_Kaadujane.md",Grewia_heterotricha_-_Flickr_-_dinesh_valke.jpg,Grewia heterotricha,Dinesh Valke,https://www.flickr.com/photos/dinesh_valke/53527137788,CC BY 2.0,https://creativecommons.org/licenses/by/2.0/
"docs/herbs/Grewia_serrulata_-_Serrulate-leaved_grewia,_ಗುರಗುರಿ,_Bhansuli,_Anaikatti_maram,_Pegala,_Anakkottimaram,_Kawri.md",Grewia_serrulata_-_Flickr_-_dinesh_valke.jpg,Grewia serrulata,Dinesh Valke,https://www.flickr.com/photos/dinesh_valke/53529334869,CC BY 2.0,https://creativecommons.org/licenses/by/2.0/
"docs/herbs/Gymnacranthera_canarica_-_Kanara_nutmeg,_ಪಿಂಡಿಕಾಯಿ,_Pintikkaya.md",Gymnacranthera_canarica_evergreen_-_Flickr_-_dinesh_valke.jpg,Gymnacranthera canarica,Dinesh Valke,https://www.flickr.com/photos/dinesh_valke/8583662492,CC BY 2.0,https://creativecommons.org/licenses/by/2.0/
"docs/herbs/Gymnostachyum_febrifugum_Benth_-_Fever_gymnostachyum,_ಅಗ್ರದ_ಬೇರು,_Naavuneetti.md",Gymnostachyum_febrifugum_Benth_acanthaceae_-_Flickr_-_dinesh_valke.jpg,Gymnostachyum febrifugum Benth,Dinesh Valke,https://www.flickr.com/photos/dinesh_valke/28770285046,CC BY 2.0,https://creativecommons.org/licenses/by/2.0/
"docs/herbs/Heritiera_littoralis_-_Looking_glass_mangrove,_ಚಂದ_ಮರ,_Conmuntiri,_Mukuram,_Sundari.md",Heritiera_littoralis_malvaceae_-_Flickr_-_dinesh_valke.jpg,Heritiera littoralis,Dinesh Valke,https://www.flickr.com/photos/dinesh_valke/33124533635,CC BY 2.0,https://creativecommons.org/licenses/by/2.0/
"docs/herbs/Hibiscus_cannabinus_-_Kenaf,_ಪುಂಡಿ,_Patsan,_Palungu,_Pimdikura,_Kanjaru.md",Hibiscus_cannabinus_-_Flickr_-_dinesh_valke.jpg,Hibiscus cannabinus,Dinesh Valke,https://www.flickr.com/photos/dinesh_valke/6253783371,CC BY 2.0,https://creativecommons.org/licenses/by/2.0/
"docs/herbs/Hibiscus_vitifolius_-_Five-winged_capsule_rose-mallow,_ಮಣಿ_ತುತ್ತೀ_ಗಿಡ,_Ban_okra,_Ciru-tutti,_Adavi_patthi,_Kaattu_vellooram,_Vankapas.md",Hibiscus_vitifolius_-_Flickr_-_dinesh_valke.jpg,Hibiscus vitifolius,Dinesh Valke,https://www.flickr.com/photos/dinesh_valke/53308964536,CC BY 2.0,https://creativecommons.org/licenses/by/2.0/
"docs/herbs/Holigarna_arnottiana_-_Black_varnish_tree,_ಹೊಲಗೇರು,_Karunceru,_Karincher,_Ranbiba.md",Holigarna_arnottiana_evergreen_-_Flickr_-_dinesh_valke.jpg,Holigarna arnottiana,Dinesh Valke,https://www.flickr.com/photos/dinesh_valke/16100078697,CC BY 2.0,https://creativecommons.org/licenses/by/2.0/
"docs/herbs/Homalium_ceylanicum_-_Ceylon_homalium,_ಹುಳಿಕಡ್ಡಿ_ಮರ,_Mantraala-mukki,_Kalavaram,_Homali.md",Homalium_ceylanicum_evergreen_-_Flickr_-_dinesh_valke.jpg,Homalium ceylanicum,Dinesh Valke,https://www.flickr.com/photos/dinesh_valke/8582821424,CC BY 2.0,https://creativecommons.org/licenses/by/2.0/
"docs/herbs/Hultholia_mimosoides_-_Mimosa_thorn,_ಈಜಿಮುಳ್ಳು,_Punai-k-kalarci,_Kalthottaavaadi,_Narkati.md",Hultholia_mimosoides_fabaceae_-_Flickr_-_dinesh_valke.jpg,Hultholia mimosoides,Dinesh Valke,https://www.flickr.com/photos/dinesh_valke/5598379494,CC BY 2.0,https://creativecommons.org/licenses/by/2.0/
"docs/herbs/Humboldtia_brunonis_-_Brown's_humboldtia,_ಹಾಸಿಗೆ_ಮರ,_Kattasokam.md",Humboldtia_brunonis_-_Flickr_-_dinesh_valke.jpg,Humboldtia brunonis,Dinesh Valke,https://www.flickr.com/photos/dinesh_valke/53529198415,CC BY 2.0,https://creativecommons.org/licenses/by/2.0/
"docs/herbs/Hypericum_mysurense_-_Mysore_hypericum,_ಚಿನ್ನದಾವರೆ,_Avaran,_Avaram-kola,_Hayperi.md",Hypericum_mysurense_shrub_-_Flickr_-_dinesh_valke.jpg,Hypericum mysurense,Dinesh Valke,https://www.flickr.com/photos/dinesh_valke/14497566817,CC BY 2.0,https://creativecommons.org/licenses/by/2.0/
"docs/herbs/Impatiens_minor_-_Lesser_balsam,_ಸೋನೆ_ಹೂ,_Mashithandu,_Lahan_terda.md",Impatiens_minor_annual_-_Flickr_-_dinesh_valke.jpg,Impatiens minor,Dinesh Valke,https://www.flickr.com/photos/dinesh_valke/4780120502,CC BY 2.0,https://creativecommons.org/licenses/by/2.0/
"docs/herbs/Indigofera_cassioides_-_Cassia_indigo,_ಗೊಗ್ಗೆ,_Pharsi_ghas,_Karkandi,_Manali,_Baroli.md",Indigofera_cassioides_-_Flickr_-_dinesh_valke.jpg,Indigofera cassioides,Dinesh Valke,https://www.flickr.com/photos/dinesh_valke/53375149581,CC BY 2.0,https://creativecommons.org/licenses/by/2.0/
"docs/herbs/Indigofera_linifolia_-_Narrowleaf_indigo,_ಗಂಜಿಕಸ,_Bhangra,_Barbada.md",Indigofera_linifolia_fabaceae_-_Flickr_-_dinesh_valke.jpg,Indigofera linifolia,Dinesh Valke,https://www.flickr.com/photos/dinesh_valke/51415709472,CC BY 2.0,https://creativecommons.org/licenses/by/2.0/
"docs/herbs/Indigofera_linnaei_-_Birdsville_indigo,_ಚೆನ್ನೆ_ಗಿಡ,_Pandarphali,_Ceruppu-nerunci,_Chalapachi,_Cempullati,_Bhingule.md",Indigofera_linnaei_-_Flickr_-_dinesh_valke.jpg,Indigofera linnaei,Dinesh Valke,https://www.flickr.com/photos/dinesh_valke/53518466738,CC BY 2.0,https://creativecommons.org/licenses/by/2.0/
"docs/herbs/Ipomoea_sagittifolia_burm_-_Hedge_bindweed,_ಮೂಗುತಿ_ಬಳ್ಳಿ,_Ban_kalmi,_Mancikai,_Laksmana,_Chuttithiruthali,_Amti_vel.md",Ipomoea_sagittifolia_burm_-_Flickr_-_dinesh_valke.jpg,Ipomoea sagittifolia burm,Dinesh Valke,https://www.flickr.com/photos/dinesh_valke/53308876766,CC BY 2.0,https://creativecommons.org/licenses/by/2.0/
"docs/herbs/Ixora_nigricans_-_Black_ixora,_ಅಡಯಾಲ,_Utappu,_Cherukuravu,_Katkuda.md",Ixora_nigricans_-_Flickr_-_dinesh_valke.jpg,Ixora nigricans,Dinesh Valke,https://www.flickr.com/photos/dinesh_valke/53489017287,CC BY 2.0,https://creativecommons.org/licenses/by/2.0/
docs/herbs/Jasminum_angustifolium.md,Jasminum_angustifolium_-_Flickr_-_dinesh_valke.jpg,Jasminum angustifolium,Dinesh Valke,https://www.flickr.com/photos/dinesh_valke/48922929842,CC BY 2.0,https://creativecommons.org/licenses/by/2.0/
"docs/herbs/Jasminum_coarctatum_-_White-bracted_jasmine,_ವನಮಲ್ಲಿಗೆ,_Erumai-mullai,_Kattumulla,_Vikhamogari.md",Jasminum_coarctatum_-_Flickr_-_dinesh_valke.jpg,Jasminum coarctatum,Dinesh Valke,https://www.flickr.com/photos/dinesh_valke/54550080647,CC BY 2.0,https://creativecommons.org/licenses/by/2.0/
docs/herbs/Jasminum_malabaricum.md,Jasminum_malabaricum_-_Flickr_-_dinesh_valke.jpg,Jasminum malabaricum,Dinesh Valke,https://www.flickr.com/photos/dinesh_valke/4695543676,CC BY 2.0,https://creativecommons.org/licenses/by/2.0/
"docs/herbs/Knema_attenuata_-_Tapering_nutmeg,_ಕಾಡು_ಪಿಂಡೆ,_Cura-pattiri,_Chennelli,_Ran_jayaphal.md",Knema_attenuata_-_Flickr_-_dinesh_valke.jpg,Knema attenuata,Dinesh Valke,https://www.flickr.com/photos/dinesh_valke/53704479232,CC BY 2.0,https://creativecommons.org/licenses/by/2.0/
"docs/herbs/Lagenandra_ovata_-_Malayan_sword,_ಕೋಮಣ_ಗೆಡ್ಡೆ,_Karinpeala,_Vatsanabh.md",Lagenandra_ovata_araceae_-_Flickr_-_dinesh_valke.jpg,Lagenandra ovata,Dinesh Valke,https://www.flickr.com/photos/dinesh_valke/8594488135,CC BY 2.0,https://creativecommons.org/licenses/by/2.0/
"docs/herbs/Laportea_interrupta_-_Hawai'i_woodnettle,_ಕಾಡು_ಚುರುಚುರಕನ_ಗಿಡ,_Bichata,_Peru-n-kanchori,_Anakkotittuva,_Aagya.md",Laportea_interrupta_annual_-_Flickr_-_dinesh_valke.jpg,Laportea interrupta,Dinesh Valke,https://www.flickr.com/photos/dinesh_valke/2788875359,CC BY 2.0,https://creativecommons.org/licenses/by/2.0/
"docs/herbs/Launaea_procumbens_-_Creeping_Launaea,_Kemputorai.md",Launaea_procumbens_-_Flickr_-_dinesh_valke.jpg,Launaea procumbens,Dinesh Valke,https://www.flickr.com/photos/dinesh_valke/52509859381,CC BY 2.0,https://creativecommons.org/licenses/by/2.0/
docs/herbs/Lindenbergia_indica.md,Lindenbergia_indica_-_Flickr_-_dinesh_valke.jpg,Lindenbergia indica,Dinesh Valke,https://www.flickr.com/photos/dinesh_valke/51644224266,CC BY 2.0,https://creativecommons.org/licenses/by/2.0/
"docs/herbs/Litsea_coriacea_-_Leathery-leaved_laurel,_ಎರ್ಚಿಕೂಟಿ,_Maravettithali.md",Litsea_coriacea_evergreen_-_Flickr_-_dinesh_valke.jpg,Litsea coriacea,Dinesh Valke,https://www.flickr.com/photos/dinesh_valke/30989426231,CC BY 2.0,https://creativecommons.org/licenses/by/2.0/
"docs/herbs/Ludwigia_perennis_-_Perennial_water_primrose,_Kerebendugida.md",Ludwigia_perennis_-_Flickr_-_dinesh_valke.jpg,Ludwigia perennis,Dinesh Valke,https://www.flickr.com/photos/dinesh_valke/49110570306,CC BY 2.0,https://creativecommons.org/licenses/by/2.0/
"docs/herbs/Maesa_indica_-_Wild_berry,_ಗುಡ್ಡೆ_ಹರಗಿ,_Kramighna_phal,_Periya-unni,_Kiriti,_Ataki.md",Maesa_indica_-_Flickr_-_dinesh_valke.jpg,Maesa indica,Dinesh Valke,https://www.flickr.com/photos/dinesh_valke/53705318216,CC BY 2.0,https://creativecommons.org/licenses/by/2.0/
"docs/herbs/Malvastrum_coromandelianum_-_Common_false_mallow,_Sannabindige.md",Malvastrum_coromandelianum_annual_-_Flickr_-_dinesh_valke.jpg,Malvastrum coromandelianum,Dinesh Valke,https://www.flickr.com/photos/dinesh_valke/1461771973,CC BY 2.0,https://creativecommons.org/licenses/by/2.0/
"docs/herbs/Melicope_lunu-ankenda_-_Matchbox_tree,_ಬೆಂಕಿಪೆಟ್ಟಿ_ಗಿಡ,_Kanali,_Vanashampange,_Kampili,_Bok.md",Melicope_lunu-ankenda_-_Flickr_-_dinesh_valke.jpg,Melicope lunu-ankenda,Dinesh Valke,https://www.flickr.com/photos/dinesh_valke/55138264168,CC BY-SA 4.0,https://creativecommons.org/licenses/by-sa/4.0/
docs/herbs/Memecylon_edule.md,Memecylon_edule_-_Flickr_-_dinesh_valke.jpg,Memecylon edule,Dinesh Valke,https://www.flickr.com/photos/dinesh_valke/8582484822,CC BY 2.0,https://creativecommons.org/licenses/by/2.0/
"docs/herbs/Miliusa_tomentosa_-_Tomentose_miliusa,_ಕರಿ_ಹೆಸ್ಸರೆ,_Hoom,_Barre_duduga,_Kanakkaita,_Humb.md",Miliusa_tomentosa_annonaceae_-_Flickr_-_dinesh_valke.jpg,Miliusa tomentosa,Dinesh Valke,https://www.flickr.com/photos/dinesh_valke/9971320676,CC BY 2.0,https://creativecommons.org/licenses/by/2.0/
"docs/herbs/Murraya_koenigi_-_Curry_leaves,_Oggarane_soppu,_Karipatta,_Karivembu,_Karivepaku.md",Murraya_koenigi_-_Flickr_-_dinesh_valke.jpg,Murraya koenigi,Dinesh Valke,https://www.flickr.com/photos/dinesh_valke/53768588764,CC BY 2.0,https://creativecommons.org/licenses/by/2.0/
docs/herbs/Neptunia_oleracea.md,Neptunia_oleracea_-_Flickr_-_dinesh_valke.jpg,Neptunia oleracea,Dinesh Valke,https://www.flickr.com/photos/dinesh_valke/6257269975,CC BY 2.0,https://creativecommons.org/licenses/by/2.0/
docs/herbs/Nervilia_aragoana.md,Nervilia_aragoana_-_Flickr_-_dinesh_valke.jpg,Nervilia aragoana,Dinesh Valke,https://www.flickr.com/photos/dinesh_valke/7432409980,CC BY 2.0,https://creativecommons.org/licenses/by/2.0/
docs/herbs/Neuracanthus_sphaerostachyus.md,Neuracanthus_sphaerostachyus_acanthaceae_-_Flickr_-_dinesh_valke.jpg,Neuracanthus sphaerostachyus,Dinesh Valke,https://www.flickr.com/photos/dinesh_valke/6213691502,CC BY 2.0,https://creativecommons.org/licenses/by/2.0/
"docs/herbs/Nothopegia_beddomei_-_Beddome's_nothopegia,_ಅಂಬಟ,_Ira.md",Nothopegia_beddomei_-_Flickr_-_dinesh_valke.jpg,Nothopegia beddomei,Dinesh Valke,https://www.flickr.com/photos/dinesh_valke/54565075329,CC BY 2.0,https://creativecommons.org/licenses/by/2.0/
docs/herbs/Nothosaerva_brachiata.md,Nothosaerva_brachiata_amaranthaceae_-_Flickr_-_dinesh_valke.jpg,Nothosaerva brachiata,Dinesh Valke,https://www.flickr.com/photos/dinesh_valke/3032498566,CC BY 2.0,https://creativecommons.org/licenses/by/2.0/
"docs/herbs/Olea_dioica_-_Rose_sandalwood,_ಬಿಳಿ_ಸರೊಳಿ,_Italai,_Itala,_Karamba.md",Olea_dioica_-_Flickr_-_dinesh_valke.jpg,Olea dioica,Dinesh Valke,https://www.flickr.com/photos/dinesh_valke/55257710800,CC BY-SA 4.0,https://creativecommons.org/licenses/by-sa/4.0/
"docs/herbs/Osbeckia_muralis_Naud_-_Wall_osbeckia,_ಅಕ್ಕ_ಜೋಗಿ_ಗಿಡ,_Cen-tumpai,_Burada_alli,_Centumpa,_Gulbeki.md",Osbeckia_muralis_Naud_melastomataceae_-_Flickr_-_dinesh_valke.jpg,Osbeckia muralis Naud,Dinesh Valke,https://www.flickr.com/photos/dinesh_valke/5025406058,CC BY 2.0,https://creativecommons.org/licenses/by/2.0/
"docs/herbs/Oxystelma_esculentum_-_Needle-leaved_swallow-wort,_ದುಗ್ಧಿಕ,_Dudhi,_Uci-p-palai,_Pala,_Kinikinippala,_Dudhani.md",Oxystelma_esculentum_apocynaceae_-_Flickr_-_dinesh_valke.jpg,Oxystelma esculentum,Dinesh Valke,https://www.flickr.com/photos/dinesh_valke/48732205646,CC BY 2.0,https://creativecommons.org/licenses/by/2.0/
"docs/herbs/Pajanelia_longifolia_-_Pajanelia,_ಅಲಂಗಿ,_Palai-y-utaicci,_Alanta,_Daundi.md",Pajanelia_longifolia_bignoniaceae_-_Flickr_-_dinesh_valke.jpg,Pajanelia longifolia,Dinesh Valke,https://www.flickr.com/photos/dinesh_valke/53573252016,CC BY 2.0,https://creativecommons.org/licenses/by/2.0/
docs/herbs/Papaver_rhoeas.md,Papaver_rhoeas_annual_-_Flickr_-_dinesh_valke.jpg,Papaver rhoeas,Dinesh Valke,https://www.flickr.com/photos/dinesh_valke/2559106458,CC BY 2.0,https://creativecommons.org/licenses/by/2.0/
"docs/herbs/Pedalium_murex_-_Crow_thorn,_ಆನೆನೆಗ್ಗಿಲು,_Bada_gokhuru,_Anai-nerunci,_Enugu_palleru,_Kakkamulla,_Gokharu.md",Pedalium_murex_pedaliaceae_-_Flickr_-_dinesh_valke.jpg,Pedalium murex,Dinesh Valke,https://www.flickr.com/photos/dinesh_valke/48917849892,CC BY 2.0,https://creativecommons.org/licenses/by/2.0/
"docs/herbs/Pergularia_daemia_-_Hair_knot_plant,_ಬೇಲಿ_ಹತ್ತಿ,_Dholi_dudhi,_Veliparutthi,_Chebira,_Velipparuthi,_Menda_dudhi.md",Pergularia_daemia_apocynaceae_-_Flickr_-_dinesh_valke.jpg,Pergularia daemia,Dinesh Valke,https://www.flickr.com/photos/dinesh_valke/39164738720,CC BY 2.0,https://creativecommons.org/licenses/by/2.0/
docs/herbs/Phyllanthus_simplex.md,Phyllanthus_simplex_-_Flickr_-_dinesh_valke.jpg,Phyllanthus simplex,Dinesh Valke,https://www.flickr.com/photos/dinesh_valke/2796875620,CC BY 2.0,https://creativecommons.org/licenses/by/2.0/
"docs/herbs/Phyllanthus_virgatus_-_Virgate_leaf_flower,_Chikka_nelli.md",Phyllanthus_virgatus_-_Flickr_-_dinesh_valke.jpg,Phyllanthus virgatus,Dinesh Valke,https://www.flickr.com/photos/dinesh_valke/7985727756,CC BY 2.0,https://creativecommons.org/licenses/by/2.0/
docs/herbs/Piper_attenuatum.md,Piper_attenuatum_-_Flickr_-_dinesh_valke.jpg,Piper attenuatum,Dinesh Valke,https://www.flickr.com/photos/dinesh_valke/54591433627,CC BY 2.0,https://creativecommons.org/licenses/by/2.0/
"docs/herbs/Plantago_major_-_Indian_Mangrove,_Ipati,_Venkantal,_Tella_mada,_Orayi.md",Plantago_major_plantaginaceae_-_Flickr_-_dinesh_valke.jpg,Plantago major,Dinesh Valke,https://www.flickr.com/photos/dinesh_valke/35240692114,CC BY 2.0,https://creativecommons.org/licenses/by/2.0/
docs/herbs/Polycarpon_prostratum.md,Polycarpon_prostratum_-_Flickr_-_dinesh_valke.jpg,Polycarpon prostratum,Dinesh Valke,https://www.flickr.com/photos/dinesh_valke/53767316517,CC BY 2.0,https://creativecommons.org/licenses/by/2.0/
"docs/herbs/Polygala_elongata_-_Narroe_leaved_milkwort,_Ghuntaani.md",Polygala_elongata_-_Flickr_-_dinesh_valke.jpg,Polygala elongata,Dinesh Valke,https://www.flickr.com/photos/dinesh_valke/9528530228,CC BY 2.0,https://creativecommons.org/licenses/by/2.0/
"docs/herbs/Pterospermum_suberifolium_-_Bahupatra,_Muchukunda_gida,_Muchkand,_Cembolavu,_Kumpudi,_Cittilaplavu.md",Pterospermum_suberifolium_-_Flickr_-_dinesh_valke.jpg,Pterospermum suberifolium,Dinesh Valke,https://www.flickr.com/photos/dinesh_valke/48927392036,CC BY 2.0,https://creativecommons.org/licenses/by/2.0/
docs/herbs/Radermachera_xylocarpa.md,Radermachera_xylocarpa_bignoniaceae_-_Flickr_-_dinesh_valke.jpg,Radermachera xylocarpa,Dinesh Valke,https://www.flickr.com/photos/dinesh_valke/48880106692,CC BY 2.0,https://creativecommons.org/licenses/by/2.0/
docs/herbs/Reissantia_grahamii.md,Reissantia_grahamii_-_Flickr_-_dinesh_valke.jpg,Reissantia grahamii,Dinesh Valke,https://www.flickr.com/photos/dinesh_valke/54786651143,CC BY-SA 4.0,https://creativecommons.org/licenses/by-sa/4.0/
"docs/herbs/Salix_tetrasperma_-_Indian_Willow,_Nirganji,_Bod,_Atrupalai,_Itipal,_Arali.md",Salix_tetrasperma_-_Flickr_-_dinesh_valke.jpg,Salix tetrasperma,Dinesh Valke,https://www.flickr.com/photos/dinesh_valke/55088902864,CC BY-SA 4.0,https://creativecommons.org/licenses/by-sa/4.0/
docs/herbs/Salvadora_persica_-_Gudaphal.md,Salvadora_persica_salvadoraceae_-_Flickr_-_dinesh_valke.jpg,Salvadora persica,Dinesh Valke,https://www.flickr.com/photos/dinesh_valke/2134695171,CC BY 2.0,https://creativecommons.org/licenses/by/2.0/
docs/herbs/Salvia_plebeia.md,Salvia_plebeia_-_Flickr_-_dinesh_valke.jpg,Salvia plebeia,Dinesh Valke,https://www.flickr.com/photos/dinesh_valke/5634436470,CC BY 2.0,https://creativecommons.org/licenses/by/2.0/
docs/herbs/Sansevieria_roxburghiana.md,Sansevieria_roxburghiana_-_Flickr_-_dinesh_valke.jpg,Sansevieria roxburghiana,Dinesh Valke,https://www.flickr.com/photos/dinesh_valke/49163172972,CC BY 2.0,https://creativecommons.org/licenses/by/2.0/
docs/herbs/Saussurea_obvallata.md,Saussurea_obvallata_asteraceae_-_Flickr_-_dinesh_valke.jpg,Saussurea obvallata,Dinesh Valke,https://www.flickr.com/photos/dinesh_valke/7851509462,CC BY 2.0,https://creativecommons.org/licenses/by/2.0/
docs/herbs/Schefflera_arboricola_-_Dwarf_umbrella_tree.md,Schefflera_arboricola_tender_-_Flickr_-_dinesh_valke.jpg,Schefflera arboricola,Dinesh Valke,https://www.flickr.com/photos/dinesh_valke/368807186,CC BY 2.0,https://creativecommons.org/licenses/by/2.0/
"docs/herbs/Scleropyrum_pentandrum_-_Hard_pear_tree,_ಬೆಂಡುಗ,_Irumulli,_Kukkuradanta.md",Scleropyrum_pentandrum_santalaceae_-_Flickr_-_dinesh_valke.jpg,Scleropyrum pentandrum,Dinesh Valke,https://www.flickr.com/photos/dinesh_valke/53589041653,CC BY 2.0,https://creativecommons.org/licenses/by/2.0/
"docs/herbs/Scutia_myrtina_-_Cat_thorn,_ಕುರುಡಿ,_Pinrotari,_Gadda-goru,_Chimat.md",Scutia_myrtina_rhamnaceae_-_Flickr_-_dinesh_valke.jpg,Scutia myrtina,Dinesh Valke,https://www.flickr.com/photos/dinesh_valke/33096737341,CC BY 2.0,https://creativecommons.org/licenses/by/2.0/
docs/herbs/Selinum_vaginatum.md,Selinum_vaginatum_apiaceae_-_Flickr_-_dinesh_valke.jpg,Selinum vaginatum,Dinesh Valke,https://www.flickr.com/photos/dinesh_valke/7838393570,CC BY 2.0,https://creativecommons.org/licenses/by/2.0/
"docs/herbs/Senegalia_rugata_-_Soap_nut_acacia,_ಸೀಗೆಕಾಯಿ,_Cikai-k-kay,_Sikaya,_Cinikka,_Shikekai.md",Senegalia_rugata_fabaceae_-_Flickr_-_dinesh_valke.jpg,Senegalia rugata,Dinesh Valke,https://www.flickr.com/photos/dinesh_valke/53604067783,CC BY 2.0,https://creativecommons.org/licenses/by/2.0/
"docs/herbs/Senna_alexandrina_-_Senna,_ಸೋನಾಮುಖಿ,_Senay,_Nelavirai,_Nelahonne,_Swarnapatri.md",Senna_alexandrina_-_Flickr_-_dinesh_valke.jpg,Senna alexandrina,Dinesh Valke,https://www.flickr.com/photos/dinesh_valke/44909330024,CC BY 2.0,https://creativecommons.org/licenses/by/2.0/
"docs/herbs/Senna_hirsuta_-_Hairy_senna,_ಅಡವಿ_ತಂಗಡಿ,_Malaiyavarai,_Nugu_tangedu,_Ponnaaveeram.md",Senna_hirsuta_fabaceae_-_Flickr_-_dinesh_valke.jpg,Senna hirsuta,Dinesh Valke,https://www.flickr.com/photos/dinesh_valke/39968456951,CC BY 2.0,https://creativecommons.org/licenses/by/2.0/
docs/herbs/Setaria_italica.md,Setaria_italica_-_Flickr_-_dinesh_valke.jpg,Setaria italica,Dinesh Valke,https://www.flickr.com/photos/dinesh_valke/4217743963,CC BY 2.0,https://creativecommons.org/licenses/by/2.0/
"docs/herbs/Sida_acuta_-_Common_Wireweed,_Bheemana_kaddi,_Baraira,_Arivaḷmanaip_puṇṭu,_Muttavapulagamu,_Malatanni_Shiruparuva.md",Sida_acuta_-_Flickr_-_dinesh_valke.jpg,Sida acuta,Dinesh Valke,https://www.flickr.com/photos/dinesh_valke/48847146241,CC BY 2.0,https://creativecommons.org/licenses/by/2.0/
"docs/herbs/Sida_mysorensis_-_Mysore_Fanpetals,_Antututti.md",Sida_mysorensis_malvaceae_-_Flickr_-_dinesh_valke.jpg,Sida mysorensis,Dinesh Valke,https://www.flickr.com/photos/dinesh_valke/9953431076,CC BY 2.0,https://creativecommons.org/licenses/by/2.0/
"docs/herbs/Sida_spinosa_-_Indian_mallow,_Kaadumenthya.md",Sida_spinosa_annual_-_Flickr_-_dinesh_valke.jpg,Sida spinosa,Dinesh Valke,https://www.flickr.com/photos/dinesh_valke/3966749930,CC BY 2.0,https://creativecommons.org/licenses/by/2.0/
"docs/herbs/Sigesbeckia_orientalis_-_Eastern_St._Paul's-wort,_ಅಂಟು_ಹೂವಿನ_ಗಿಡ,_Gobariya,_Katampam,_Katampoo,_Katampu.md",Sigesbeckia_orientalis_asteraceae_-_Flickr_-_dinesh_valke.jpg,Sigesbeckia orientalis,Dinesh Valke,https://www.flickr.com/photos/dinesh_valke/15178275942,CC BY 2.0,https://creativecommons.org/licenses/by/2.0/
docs/herbs/Smilax_ovalifolia.md,Smilax_ovalifolia_-_Flickr_-_dinesh_valke.jpg,Smilax ovalifolia,Dinesh Valke,https://www.flickr.com/photos/dinesh_valke/53575462063,CC BY 2.0,https://creativecommons.org/licenses/by/2.0/
docs/herbs/Solanum_seaforthianum.md,Solanum_seaforthianum_-_Flickr_-_dinesh_valke.jpg,Solanum seaforthianum,Dinesh Valke,https://www.flickr.com/photos/dinesh_valke/43269950955,CC BY 2.0,https://creativecommons.org/licenses/by/2.0/
docs/herbs/Sonchus_asper.md,Sonchus_asper_-_Flickr_-_dinesh_valke.jpg,Sonchus asper,Dinesh Valke,https://www.flickr.com/photos/dinesh_valke/2560920848,CC BY 2.0,https://creativecommons.org/licenses/by/2.0/
docs/herbs/Sonchus_oleraceus.md,Sonchus_oleraceus_-_Flickr_-_dinesh_valke.jpg,Sonchus oleraceus,Dinesh Valke,https://www.flickr.com/photos/dinesh_valke/4852120854,CC BY 2.0,https://creativecommons.org/licenses/by/2.0/
docs/herbs/Sophora_tomentosa.md,Sophora_tomentosa_-_Flickr_-_dinesh_valke.jpg,Sophora tomentosa,Dinesh Valke,https://www.flickr.com/photos/dinesh_valke/26979346427,CC BY 2.0,https://creativecommons.org/licenses/by/2.0/
docs/herbs/Sopubia_delphinifolia.md,Sopubia_delphinifolia_scrophulariaceae_-_Flickr_-_dinesh_valke.jpg,Sopubia delphinifolia,Dinesh Valke,https://www.flickr.com/photos/dinesh_valke/6230895676,CC BY 2.0,https://creativecommons.org/licenses/by/2.0/
docs/herbs/Soymida_febrifuga.md,Soymida_febrifuga_-_Flickr_-_dinesh_valke.jpg,Soymida febrifuga,Dinesh Valke,https://www.flickr.com/photos/dinesh_valke/55185252193,CC BY-SA 4.0,https://creativecommons.org/licenses/by-sa/4.0/
docs/herbs/Spathodea_campanulata.md,Spathodea_campanulata_-_Flickr_-_dinesh_valke.jpg,Spathodea campanulata,Dinesh Valke,https://www.flickr.com/photos/dinesh_valke/49095093361,CC BY 2.0,https://creativecommons.org/licenses/by/2.0/
"docs/herbs/Spatholobus_parviflorus_-_Palas-climber,_ಬಳ್ಳಿ_ಮುತ್ತುಗ,_Malini,_Yanai-t-tatippu,_Bodegateega,_Aambuvalli,_Palashin.md",Spatholobus_parviflorus_-_Flickr_-_dinesh_valke.jpg,Spatholobus parviflorus,Dinesh Valke,https://www.flickr.com/photos/dinesh_valke/54206063540,CC BY 2.0,https://creativecommons.org/licenses/by/2.0/
docs/herbs/Sphaeranthus_indicus.md,Sphaeranthus_indicus_tropical_-_Flickr_-_dinesh_valke.jpg,Sphaeranthus indicus,Dinesh Valke,https://www.flickr.com/photos/dinesh_valke/3031231865,CC BY 2.0,https://creativecommons.org/licenses/by/2.0/
"docs/herbs/Spinifex_littoreus_-_Littoral_spinegrass,_ರಾವಣನ_ಮೀಸೆ,_Iravanan-michai,_Gutti-romalu-gaddi,_Elimullu,_Kolanti_tan.md",Spinifex_littoreus_poaceae_-_Flickr_-_dinesh_valke.jpg,Spinifex littoreus,Dinesh Valke,https://www.flickr.com/photos/dinesh_valke/46763036051,CC BY 2.0,https://creativecommons.org/licenses/by/2.0/
docs/herbs/Spondias_pinnata_-_Wild_mango.md,Spondias_pinnata_deciduous_-_Flickr_-_dinesh_valke.jpg,Spondias pinnata,Dinesh Valke,https://www.flickr.com/photos/dinesh_valke/3098187264,CC BY 2.0,https://creativecommons.org/licenses/by/2.0/
docs/herbs/Stellaria_aquatica.md,Stellaria_aquatica_-_Flickr_-_dinesh_valke.jpg,Stellaria aquatica,Dinesh Valke,https://www.flickr.com/photos/dinesh_valke/2560842443,CC BY 2.0,https://creativecommons.org/licenses/by/2.0/
docs/herbs/Stephania_glabra.md,Stephania_glabra_-_Flickr_-_dinesh_valke.jpg,Stephania glabra,Dinesh Valke,https://www.flickr.com/photos/dinesh_valke/7759827690,CC BY 2.0,https://creativecommons.org/licenses/by/2.0/
"docs/herbs/Sterculia_guttata_-_Bloody_drop_ordure_tree,_ಹೇಲ್_ತಾರೆ,_Hirik,_Kalutaivitai,_Kavalam,_Goldada.md",Sterculia_guttata_-_Flickr_-_dinesh_valke.jpg,Sterculia guttata,Dinesh Valke,https://www.flickr.com/photos/dinesh_valke/55249337835,CC BY-SA 4.0,https://creativecommons.org/licenses/by-sa/4.0/
docs/herbs/Sterculia_urens.md,Sterculia_urens_-_Flickr_-_dinesh_valke.jpg,Sterculia urens,Dinesh Valke,https://www.flickr.com/photos/dinesh_valke/49573194983,CC BY 2.0,https://creativecommons.org/licenses/by/2.0/
docs/herbs/Streblus_asper.md,Streblus_asper_-_Flickr_-_dinesh_valke.jpg,Streblus asper,Dinesh Valke,https://www.flickr.com/photos/dinesh_valke/53569003343,CC BY 2.0,https://creativecommons.org/licenses/by/2.0/
"docs/herbs/Striga_asiatica_-_Asiatic_witchweed,_Bilikasa.md",Striga_asiatica_-_Flickr_-_dinesh_valke.jpg,Striga asiatica,Dinesh Valke,https://www.flickr.com/photos/dinesh_valke/51384067181,CC BY 2.0,https://creativecommons.org/licenses/by/2.0/
docs/herbs/Strychnos_colubrina.md,Strychnos_colubrina_-_Flickr_-_dinesh_valke.jpg,Strychnos colubrina,Dinesh Valke,https://www.flickr.com/photos/dinesh_valke/53581100390,CC BY 2.0,https://creativecommons.org/licenses/by/2.0/
docs/herbs/Strychnos_potatorum.md,Strychnos_potatorum_-_Flickr_-_dinesh_valke.jpg,Strychnos potatorum,Dinesh Valke,https://www.flickr.com/photos/dinesh_valke/55126357888,CC BY-SA 4.0,https://creativecommons.org/licenses/by-sa/4.0/
docs/herbs/Swertia_densifolia.md,Swertia_densifolia_-_Flickr_-_dinesh_valke.jpg,Swertia densifolia,Dinesh Valke,https://www.flickr.com/photos/dinesh_valke/54455806423,CC BY 2.0,https://creativecommons.org/licenses/by/2.0/
docs/herbs/Swietenia_mahagoni.md,Swietenia_mahagoni_swieteniamahagoni_-_Flickr_-_dinesh_valke.jpg,Swietenia mahagoni,Dinesh Valke,https://www.flickr.com/photos/dinesh_valke/1126794924,CC BY 2.0,https://creativecommons.org/licenses/by/2.0/
"docs/herbs/Syzygium_jambos_-_Rose_Apple,_Jambu,_Gulab_jamun,_Perunaval,_Gulabjama,_Malakkachampa,_Jamb.md",Syzygium_jambos_-_Flickr_-_dinesh_valke.jpg,Syzygium jambos,Dinesh Valke,https://www.flickr.com/photos/dinesh_valke/5592458879,CC BY 2.0,https://creativecommons.org/licenses/by/2.0/
"docs/herbs/Terminalia_paniculata_-_Kindal_Tree,_ಹುಲಿವೆ,_Pumarutu,_Putanallamanu,_Pullamaruthu,_Kindal.md",Terminalia_paniculata_deciduous_-_Flickr_-_dinesh_valke.jpg,Terminalia paniculata,Dinesh Valke,https://www.flickr.com/photos/dinesh_valke/16147941322,CC BY 2.0,https://creativecommons.org/licenses/by/2.0/
docs/herbs/Thalictrum_foliolosum.md,Thalictrum_foliolosum_ranunculaceae_-_Flickr_-_dinesh_valke.jpg,Thalictrum foliolosum,Dinesh Valke,https://www.flickr.com/photos/dinesh_valke/7787354774,CC BY 2.0,https://creativecommons.org/licenses/by/2.0/
"docs/herbs/Typha_domingensis_-_Lesser_Indian_Reed-mace,_Pater,_Jammugaddi.md",Typha_domingensis_-_Flickr_-_dinesh_valke.jpg,Typha domingensis,Dinesh Valke,https://www.flickr.com/photos/dinesh_valke/47502597372,CC BY 2.0,https://creativecommons.org/licenses/by/2.0/
docs/herbs/Veronica_arvensis_-_Wall_speedwell.md,Veronica_arvensis_-_Flickr_-_dinesh_valke.jpg,Veronica arvensis,Dinesh Valke,https://www.flickr.com/photos/dinesh_valke/6367554795,CC BY 2.0,https://creativecommons.org/licenses/by/2.0/
"docs/herbs/Viola_pilosa_-_Smooth-Leaf_White_Violet,_Bili_kaamakasthoori,_Banafsha.md",Viola_pilosa_-_Flickr_-_dinesh_valke.jpg,Viola pilosa,Dinesh Valke,https://www.flickr.com/photos/dinesh_valke/55081600630,CC BY-SA 4.0,https://creativecommons.org/licenses/by-sa/4.0/
